Mes_año,Departamento,Precip_Total_mm,Temp_Media_C,Hum_Media_Pje,Produccion_kg,Precio_kg
2020-01,Montevideo,33.8,22.7,63.7,1743924.0,69.98
2020-01,Rocha,0.0,21.6,72.5,1743924.0,58.77
2020-01,Salto,0.0,24.4,70.4,1743924.0,58.77
2020-01,Soriano,100.6,23.4,70.0,1743924.0,58.69
2020-01,Tacuarembó,0.0,24.2,66.0,1743924.0,58.73
2020-02,Colonia,0.0,24.1,58.7,1420670.0,64.0
2020-02,Montevideo,44.6,22.7,64.8,1420670.0,73.24
2020-02,Rocha,0.0,21.2,76.0,1420670.0,58.17
2020-02,Salto,0.0,23.8,67.4,1420670.0,58.17
2020-02,Soriano,69.8,22.6,68.9,1420670.0,58.17
2020-02,Tacuarembó,0.0,24.6,64.0,1420670.0,57.91
2020-03,Colonia,0.0,25.3,66.0,1635940.0,82.21
2020-03,Montevideo,86.2,22.6,71.7,1635940.0,86.06
2020-03,Rocha,0.0,21.2,79.6,1635940.0,92.85
2020-03,Salto,0.0,24.1,68.6,1635940.0,92.85
2020-03,Soriano,72.4,23.0,71.5,1635940.0,92.85
2020-03,Tacuarembó,0.0,26.7,56.2,1635940.0,92.85
2020-04,Colonia,0.0,19.5,66.7,1609932.0,88.0
2020-04,Montevideo,125.8,17.6,76.8,1609932.0,92.0
2020-04,Rocha,0.0,17.5,80.3,1609932.0,93.83
2020-04,Salto,0.0,18.0,71.4,1609932.0,95.43
2020-04,Soriano,126.8,16.9,75.1,1609932.0,94.73
2020-04,Tacuarembó,0.0,20.9,58.0,1609932.0,94.65
2020-05,Colonia,0.0,17.2,63.2,1380928.0,87.91
2020-05,Montevideo,84.8,14.3,73.9,1380928.0,92.19
2020-05,Rocha,0.0,14.1,77.8,1380928.0,87.6
2020-05,Salto,0.0,14.9,75.7,1380928.0,93.46
2020-05,Soriano,23.4,13.8,76.6,1380928.0,87.6
2020-05,Tacuarembó,0.0,18.2,58.8,1380928.0,87.6
2020-06,Colonia,0.0,13.7,71.3,1446727.0,88.4
2020-06,Montevideo,238.2,11.3,87.9,1446727.0,93.04
2020-06,Rocha,0.0,12.2,87.4,1446727.0,90.0
2020-06,Salto,0.0,13.1,84.5,1446727.0,93.75
2020-06,Soriano,92.4,11.4,84.4,1446727.0,90.0
2020-06,Tacuarembó,0.0,13.0,72.9,1446727.0,90.0
2020-07,Colonia,0.0,10.1,73.2,1682632.0,88.69
2020-07,Montevideo,33.2,9.5,76.9,1682632.0,92.61
2020-07,Montevideo,33.2,9.5,76.9,1682632.0,74.0
2020-07,Rocha,0.0,10.2,78.1,1682632.0,90.0
2020-07,Salto,0.0,10.9,76.3,1682632.0,90.73
2020-07,Soriano,16.0,9.5,77.4,1682632.0,90.0
2020-07,Tacuarembó,0.0,11.3,74.1,1682632.0,90.0
2020-08,Colonia,0.0,12.8,68.1,1553499.0,86.04
2020-08,Montevideo,63.2,12.2,72.0,1553499.0,92.15
2020-08,Montevideo,63.2,12.2,72.0,1553499.0,74.0
2020-08,Rocha,0.0,11.6,78.2,1553499.0,81.94
2020-08,Salto,0.0,15.0,65.9,1553499.0,89.25
2020-08,Soriano,32.4,13.0,70.9,1553499.0,81.55
2020-08,Tacuarembó,0.0,13.8,68.9,1553499.0,81.55
2020-09,Colonia,0.0,12.7,73.2,,90.08
2020-09,Montevideo,62.2,12.2,73.4,,94.77
2020-09,Montevideo,62.2,12.2,73.4,,74.0
2020-09,Rocha,0.0,11.7,79.6,,86.33
2020-09,Salto,0.0,15.1,72.4,,91.67
2020-09,Soriano,92.8,13.2,73.2,,86.3
2020-09,Tacuarembó,0.0,13.8,73.2,,86.37
2020-10,Artigas,102.2,20.4,65.6,1837274.0,89.48
2020-10,Colonia,0.0,15.6,76.4,1837274.0,89.76
2020-10,Montevideo,67.6,15.2,74.4,1837274.0,96.92
2020-10,Montevideo,67.6,15.2,74.4,1837274.0,64.28
2020-10,Rocha,0.0,14.8,80.1,1837274.0,89.48
2020-10,Salto,0.0,19.1,65.7,1837274.0,100.13
2020-10,Soriano,42.4,16.7,71.4,1837274.0,89.48
2020-10,Tacuarembó,0.0,17.1,71.9,1837274.0,89.48
2020-11,Artigas,205.8,21.9,61.8,1606593.0,94.5
2020-11,Colonia,0.0,18.7,72.6,1606593.0,98.5
2020-11,Montevideo,36.6,18.7,69.5,1606593.0,103.96
2020-11,Montevideo,36.6,18.7,69.5,1606593.0,87.58
2020-11,Rocha,0.0,17.7,76.4,1606593.0,92.33
2020-11,Salto,0.0,21.7,60.6,1606593.0,102.5
2020-11,Soriano,33.2,21.3,58.4,1606593.0,94.5
2020-11,Tacuarembó,0.0,20.9,62.9,1606593.0,94.5
2020-12,Artigas,0.0,23.6,61.1,1740742.0,100.1
2020-12,Colonia,0.0,22.2,49.5,1740742.0,103.85
2020-12,Montevideo,63.8,21.1,62.3,1740742.0,107.01
2020-12,Montevideo,63.8,21.1,62.3,1740742.0,92.09
2020-12,Rocha,0.0,20.6,69.4,1740742.0,100.1
2020-12,Salto,0.0,22.9,64.7,1740742.0,113.68
2020-12,Soriano,27.4,22.9,57.4,1740742.0,101.71
2020-12,Tacuarembó,0.0,22.8,60.2,1740742.0,101.71
2021-01,Artigas,0.0,29.0,48.0,1068071.0,106.52
2021-01,Colonia,0.0,23.1,18.0,1068071.0,113.61
2021-01,Montevideo,66.6,22.9,67.1,1068071.0,110.89
2021-01,Montevideo,66.6,22.9,67.1,1068071.0,118.74
2021-01,Rocha,0.0,22.1,74.3,1068071.0,107.0
2021-01,Salto,0.0,24.5,67.4,1068071.0,126.01
2021-01,Soriano,51.4,24.9,58.0,1068071.0,107.0
2021-01,Tacuarembó,0.0,24.6,63.6,1068071.0,107.0
2021-02,Artigas,0.0,28.4,49.3,1377654.0,110.2
2021-02,Colonia,0.0,22.2,71.2,1377654.0,111.86
2021-02,Montevideo,125.4,21.6,76.7,1377654.0,116.64
2021-02,Montevideo,125.4,21.6,76.7,1377654.0,110.6
2021-02,Rocha,0.0,21.3,82.6,1377654.0,110.2
2021-02,Salto,0.0,23.2,71.5,1377654.0,120.77
2021-02,Soriano,59.8,22.6,70.6,1377654.0,110.2
2021-02,Tacuarembó,0.0,22.9,73.3,1377654.0,110.2
2021-03,Artigas,0.0,28.1,48.1,1694998.0,99.83
2021-03,Colonia,0.0,20.8,77.7,1694998.0,92.26
2021-03,Montevideo,87.6,20.7,76.7,1694998.0,97.64
2021-03,Montevideo,87.6,20.7,76.7,1694998.0,83.4
2021-03,Rocha,0.0,20.2,83.9,1694998.0,99.83
2021-03,Salto,0.0,22.1,74.4,1694998.0,102.31
2021-03,Soriano,90.8,21.4,72.2,1694998.0,99.83
2021-03,Tacuarembó,0.0,21.7,75.3,1694998.0,99.83
2021-04,Artigas,1.2,25.4,51.9,1732341.0,95.5
2021-04,Colonia,0.0,19.3,79.0,1732341.0,78.18
2021-04,Montevideo,77.2,18.9,79.6,1732341.0,87.65
2021-04,Montevideo,77.2,18.9,79.6,1732341.0,77.0
2021-04,Rocha,10.0,17.8,83.8,1732341.0,95.0
2021-04,Salto,0.0,20.5,78.0,1732341.0,95.59
2021-04,Soriano,135.6,18.8,77.1,1732341.0,95.27
2021-04,Tacuarembó,0.0,19.4,79.5,1732341.0,95.0
2021-05,Artigas,73.4,13.5,73.9,1713246.0,97.15
2021-05,Colonia,152.2,13.4,72.8,1713246.0,85.0
2021-05,Montevideo,86.2,12.7,77.6,1713246.0,86.73
2021-05,Montevideo,86.2,12.7,77.6,1713246.0,73.59
2021-05,Rocha,65.0,13.0,78.9,1713246.0,79.67
2021-05,Salto,0.6,12.4,78.0,1713246.0,92.69
2021-05,Soriano,74.8,11.9,75.3,1713246.0,97.08
2021-05,Tacuarembó,5.0,12.9,77.8,1713246.0,96.92
2021-06,Artigas,116.3,12.2,81.5,1760936.0,87.4
2021-06,Colonia,88.2,11.2,80.2,1760936.0,78.74
2021-06,Montevideo,133.6,11.1,81.5,1760936.0,82.35
2021-06,Montevideo,133.6,11.1,81.5,1760936.0,62.0
2021-06,Rocha,165.8,11.9,84.7,1760936.0,73.27
2021-06,Salto,96.8,11.6,84.7,1760936.0,89.06
2021-06,Soriano,77.2,10.6,81.1,1760936.0,87.4
2021-06,Tacuarembó,44.8,11.1,83.4,1760936.0,87.59
2021-07,Artigas,10.1,12.5,74.2,1908050.0,76.84
2021-07,Colonia,77.8,11.1,75.0,1908050.0,73.71
2021-07,Montevideo,48.8,10.7,77.5,1908050.0,77.93
2021-07,Montevideo,48.8,10.7,77.5,1908050.0,62.0
2021-07,Rocha,91.2,10.2,81.6,1908050.0,66.23
2021-07,Salto,0.4,8.8,83.6,1908050.0,84.95
2021-07,Soriano,77.8,10.5,75.8,1908050.0,76.84
2021-07,Tacuarembó,100.6,10.9,80.5,1908050.0,76.84
2021-08,Artigas,18.8,15.0,76.2,2223545.0,70.04
2021-08,Colonia,79.6,11.7,78.4,2223545.0,70.76
2021-08,Montevideo,64.2,11.3,82.5,2223545.0,75.0
2021-08,Montevideo,64.2,11.3,82.5,2223545.0,62.0
2021-08,Rocha,62.8,12.0,88.4,2223545.0,61.69
2021-08,Soriano,27.8,11.7,75.3,2223545.0,70.04
2021-08,Tacuarembó,50.0,12.4,82.5,2223545.0,70.04
2021-09,Artigas,138.3,17.1,77.9,,74.31
2021-09,Colonia,199.2,14.6,82.7,,73.81
2021-09,Montevideo,112.0,14.2,83.0,,76.65
2021-09,Montevideo,112.0,14.2,83.0,,62.0
2021-09,Rocha,118.4,14.4,88.6,,64.54
2021-09,Salto,4.2,16.9,75.3,,74.04
2021-09,Soriano,154.6,15.1,80.2,,74.31
2021-09,Tacuarembó,130.0,15.4,83.4,,74.31
2021-10,Artigas,40.9,18.8,66.7,2149743.0,74.38
2021-10,Colonia,21.8,17.0,68.0,2149743.0,73.86
2021-10,Montevideo,11.2,16.4,67.4,2149743.0,80.86
2021-10,Montevideo,11.2,16.4,67.4,2149743.0,62.64
2021-10,Rocha,35.4,14.3,78.2,2149743.0,64.59
2021-10,Salto,68.6,18.6,63.7,2149743.0,78.83
2021-10,Soriano,9.0,17.4,65.6,2149743.0,74.38
2021-10,Tacuarembó,25.4,17.8,67.5,2149743.0,74.38
2021-11,Artigas,97.1,22.0,64.1,1851473.0,79.0
2021-11,Colonia,158.4,20.1,67.5,1851473.0,78.82
2021-11,Montevideo,66.2,19.1,70.0,1851473.0,83.36
2021-11,Montevideo,66.2,19.1,70.0,1851473.0,70.85
2021-11,Rocha,33.4,18.0,80.0,1851473.0,67.67
2021-11,Salto,64.0,22.4,62.0,1851473.0,82.01
2021-11,Soriano,78.2,21.2,61.4,1851473.0,79.0
2021-11,Tacuarembó,7.2,21.6,62.9,1851473.0,79.0
2021-12,Artigas,17.8,24.8,57.5,1991031.0,77.04
2021-12,Colonia,58.2,22.5,69.9,1991031.0,75.68
2021-12,Montevideo,2.8,21.8,68.0,1991031.0,82.11
2021-12,Montevideo,2.8,21.8,68.0,1991031.0,70.73
2021-12,Rocha,26.2,20.1,78.9,1991031.0,66.54
2021-12,Salto,8.0,25.9,52.2,1991031.0,90.29
2021-12,Soriano,36.2,24.8,54.2,1991031.0,77.06
2021-12,Tacuarembó,0.2,24.7,55.9,1991031.0,77.04
2022-01,Artigas,33.0,28.1,55.5,2168801.0,65.9
2022-01,Colonia,197.8,24.5,70.9,2168801.0,71.3
2022-01,Montevideo,240.2,24.1,69.8,2168801.0,76.72
2022-01,Montevideo,240.2,24.1,69.8,2168801.0,73.0
2022-01,Rocha,292.4,23.8,79.5,2168801.0,62.49
2022-01,Salto,103.0,27.4,58.5,2168801.0,77.07
2022-01,Soriano,233.0,25.5,65.9,2168801.0,62.49
2022-01,Tacuarembó,68.0,26.0,65.9,2168801.0,66.23
2022-02,Artigas,136.6,25.7,55.5,2206273.0,73.11
2022-02,Colonia,179.2,21.5,72.7,2206273.0,77.34
2022-02,Montevideo,117.8,21.3,74.5,2206273.0,80.48
2022-02,Montevideo,117.8,21.3,74.5,2206273.0,70.38
2022-02,Salto,156.0,24.4,63.8,2206273.0,109.55
2022-02,Soriano,137.2,21.8,72.5,2206273.0,69.18
2022-02,Tacuarembó,2.4,23.1,69.7,2206273.0,76.31
2022-03,Artigas,137.9,21.0,73.0,2488368.0,79.98
2022-03,Colonia,76.0,19.0,61.5,2488368.0,78.31
2022-03,Montevideo,56.2,19.3,73.5,2488368.0,81.22
2022-03,Montevideo,56.2,19.3,73.5,2488368.0,75.7
2022-03,Rocha,43.0,19.0,77.1,2488368.0,79.56
2022-03,Salto,210.4,20.0,73.9,2488368.0,90.83
2022-03,Soriano,155.4,18.8,77.9,2488368.0,76.65
2022-03,Tacuarembó,0.0,19.7,74.8,2488368.0,79.14
2022-04,Artigas,274.5,18.3,78.1,2378272.0,72.72
2022-04,Colonia,63.0,16.8,28.7,2378272.0,77.91
2022-04,Montevideo,76.0,16.7,74.7,2378272.0,80.14
2022-04,Montevideo,76.0,16.7,74.7,2378272.0,77.0
2022-04,Rocha,132.6,16.3,79.4,2378272.0,64.78
2022-04,Salto,123.4,17.7,76.3,2378272.0,82.23
2022-04,Soriano,122.8,16.1,78.0,2378272.0,72.35
2022-04,Tacuarembó,113.8,17.3,77.5,2378272.0,72.51
2022-05,Artigas,65.8,13.6,80.6,2392855.0,72.0
2022-05,Colonia,34.8,13.0,20.0,2392855.0,77.59
2022-05,Montevideo,56.4,12.4,79.1,2392855.0,76.16
2022-05,Montevideo,56.4,12.4,79.1,2392855.0,70.6
2022-05,Rocha,97.4,12.1,83.5,2392855.0,62.89
2022-05,Salto,76.8,13.0,80.1,2392855.0,87.04
2022-05,Soriano,31.0,11.5,79.9,2392855.0,71.92
2022-05,Tacuarembó,117.8,12.5,81.7,2392855.0,71.86
2022-06,Artigas,24.3,11.0,81.5,2622359.0,64.29
2022-06,Colonia,1.6,9.2,66.6,2622359.0,71.94
2022-06,Montevideo,1.0,8.8,79.6,2622359.0,72.41
2022-06,Montevideo,1.0,8.8,79.6,2622359.0,55.07
2022-06,Rocha,8.2,9.6,82.7,2622359.0,57.38
2022-06,Salto,32.6,9.7,81.7,2622359.0,90.97
2022-06,Soriano,6.2,8.2,79.8,2622359.0,64.29
2022-06,Tacuarembó,26.2,9.1,82.4,2622359.0,64.29
2022-07,Artigas,102.1,15.5,80.4,2901931.0,64.0
2022-07,Colonia,41.8,11.4,81.3,2901931.0,71.88
2022-07,Montevideo,75.4,11.1,83.2,2901931.0,72.27
2022-07,Montevideo,75.4,11.1,83.2,2901931.0,49.0
2022-07,Rocha,176.8,11.4,87.3,2901931.0,57.24
2022-07,Salto,46.0,14.2,81.4,2901931.0,82.39
2022-07,Soriano,48.0,12.2,82.1,2901931.0,63.03
2022-07,Tacuarembó,99.4,12.6,85.3,2901931.0,63.13
2022-08,Artigas,53.2,13.9,73.8,2223111.0,66.3
2022-08,Colonia,43.6,11.7,73.5,2223111.0,71.05
2022-08,Montevideo,77.0,11.3,76.5,2223111.0,72.68
2022-08,Montevideo,77.0,11.3,76.5,2223111.0,57.62
2022-08,Rocha,31.4,10.7,82.3,2223111.0,61.18
2022-08,Salto,117.2,12.8,75.8,2223111.0,82.26
2022-08,Soriano,22.0,11.2,75.1,2223111.0,66.2
2022-08,Tacuarembó,29.6,11.7,78.8,2223111.0,66.24
2022-09,Artigas,9.5,14.8,71.1,,66.17
2022-09,Colonia,19.8,13.7,70.8,,68.89
2022-09,Montevideo,4.4,13.1,72.8,,71.57
2022-09,Montevideo,4.4,13.1,72.8,,58.08
2022-09,Rocha,27.0,12.2,81.4,,66.17
2022-09,Salto,77.0,14.5,71.8,,81.22
2022-09,Soriano,23.4,13.2,71.4,,66.17
2022-09,Tacuarembó,36.8,13.9,73.4,,66.17
2022-10,Artigas,28.1,17.9,67.2,2360210.0,67.0
2022-10,Colonia,18.8,16.1,69.4,2360210.0,69.2
2022-10,Montevideo,36.8,15.3,71.9,2360210.0,70.94
2022-10,Montevideo,36.8,15.3,71.9,2360210.0,59.0
2022-10,Rocha,176.0,14.4,80.3,2360210.0,67.0
2022-10,Salto,151.2,17.6,67.2,2360210.0,84.19
2022-10,Soriano,70.4,16.3,66.8,2360210.0,67.0
2022-10,Tacuarembó,129.2,17.4,71.4,2360210.0,67.0
2022-11,Artigas,21.3,22.0,57.6,2232126.0,67.93
2022-11,Colonia,43.8,21.1,64.2,2232126.0,72.09
2022-11,Montevideo,55.8,20.4,67.5,2232126.0,74.36
2022-11,Montevideo,55.8,20.4,67.5,2232126.0,56.43
2022-11,Rocha,60.6,18.6,79.7,2232126.0,67.93
2022-11,Salto,32.0,22.2,59.8,2232126.0,83.53
2022-11,Soriano,42.6,22.1,59.1,2232126.0,67.93
2022-11,Tacuarembó,69.0,21.6,64.0,2232126.0,68.08
2022-12,Artigas,0.0,25.8,55.3,1887010.0,71.85
2022-12,Colonia,56.2,23.1,62.0,1887010.0,74.27
2022-12,Montevideo,60.2,22.1,62.4,1887010.0,77.47
2022-12,Montevideo,60.2,22.1,62.4,1887010.0,74.42
2022-12,Rocha,7.4,20.7,72.0,1887010.0,71.85
2022-12,Salto,21.6,25.4,54.4,1887010.0,87.97
2022-12,Soriano,36.2,24.5,55.3,1887010.0,71.85
2022-12,Tacuarembó,23.0,24.5,57.4,1887010.0,71.98
2023-01,Artigas,2.4,27.9,50.1,1956116.0,75.0
2023-01,Colonia,51.4,24.7,63.9,1956116.0,80.14
2023-01,Montevideo,5.6,24.2,62.7,1956116.0,81.53
2023-01,Montevideo,5.6,24.2,62.7,1956116.0,81.21
2023-01,Rocha,6.2,22.7,72.6,1956116.0,75.0
2023-01,Salto,71.4,27.7,50.2,1956116.0,95.69
2023-01,Soriano,61.4,26.6,52.2,1956116.0,75.06
2023-01,Tacuarembó,13.6,26.8,52.3,1956116.0,75.0
2023-02,Artigas,52.6,26.1,53.4,1493790.0,76.22
2023-02,Colonia,9.2,24.0,61.3,1493790.0,85.63
2023-02,Montevideo,31.0,23.6,61.9,1493790.0,82.26
2023-02,Montevideo,31.0,23.6,61.9,1493790.0,59.62
2023-02,Rocha,68.4,22.2,73.4,1493790.0,78.07
2023-02,Salto,45.2,25.0,58.7,1493790.0,92.98
2023-02,Soriano,19.2,24.3,57.4,1493790.0,78.71
2023-02,Tacuarembó,74.0,24.9,57.8,1493790.0,78.2
2023-03,Artigas,223.2,25.7,71.8,1698244.0,87.89
2023-03,Colonia,27.8,25.0,68.7,1698244.0,101.99
2023-03,Montevideo,97.4,24.1,71.0,1698244.0,103.67
2023-03,Montevideo,97.4,24.1,71.0,1698244.0,66.04
2023-03,Rocha,130.8,22.9,80.7,1698244.0,85.29
2023-03,Salto,178.2,26.1,69.1,1698244.0,111.39
2023-03,Soriano,125.4,25.9,64.4,1698244.0,85.29
2023-03,Tacuarembó,125.6,25.3,70.3,1698244.0,84.14
2023-04,Artigas,6.5,19.2,71.6,1378023.0,100.0
2023-04,Colonia,43.0,17.7,74.3,1378023.0,105.36
2023-04,Montevideo,72.2,17.1,76.9,1378023.0,113.23
2023-04,Montevideo,72.2,17.1,76.9,1378023.0,69.0
2023-04,Rocha,32.6,16.5,82.3,1378023.0,99.0
2023-04,Salto,108.4,18.4,74.6,1378023.0,112.99
2023-04,Soriano,10.6,17.4,72.5,1378023.0,100.0
2023-04,Tacuarembó,50.8,17.9,74.0,1378023.0,100.0
2023-05,Artigas,78.5,16.7,82.0,1619156.0,103.5
2023-05,Colonia,87.8,15.7,76.4,1619156.0,105.45
2023-05,Montevideo,76.2,15.1,79.5,1619156.0,114.01
2023-05,Montevideo,76.2,15.1,79.5,1619156.0,69.0
2023-05,Rocha,44.2,14.9,83.7,1619156.0,103.5
2023-05,Salto,44.2,16.2,81.1,1619156.0,112.0
2023-05,Soriano,154.8,15.1,78.9,1619156.0,103.5
2023-05,Tacuarembó,93.0,15.7,80.8,1619156.0,103.5
2023-06,Artigas,29.1,15.3,82.1,1581842.0,95.73
2023-06,Colonia,5.2,12.3,78.2,1581842.0,101.98
2023-06,Montevideo,5.0,11.6,82.2,1581842.0,110.35
2023-06,Montevideo,5.0,11.6,82.2,1581842.0,71.68
2023-06,Rocha,49.6,11.8,85.4,1581842.0,95.73
2023-06,Salto,12.8,14.0,82.7,1581842.0,105.41
2023-06,Soriano,3.6,11.7,81.9,1581842.0,95.73
2023-06,Tacuarembó,62.0,12.6,84.5,1581842.0,95.73
2023-07,Artigas,47.9,13.9,81.7,1589794.0,89.3
2023-07,Colonia,51.8,12.1,79.0,1589794.0,98.28
2023-07,Montevideo,55.4,11.6,80.0,1589794.0,100.27
2023-07,Montevideo,55.4,11.6,80.0,1589794.0,88.2
2023-07,Rocha,74.4,11.5,83.7,1589794.0,85.59
2023-07,Salto,100.4,13.4,82.6,1589794.0,89.45
2023-07,Soriano,94.8,12.0,81.8,1589794.0,87.44
2023-07,Tacuarembó,100.4,12.1,85.0,1589794.0,89.3
2023-08,Artigas,44.8,15.7,71.7,1760071.0,88.29
2023-08,Colonia,120.0,12.5,68.6,1760071.0,99.0
2023-08,Montevideo,158.4,11.8,71.3,1760071.0,102.74
2023-08,Montevideo,158.4,11.8,71.3,1760071.0,68.0
2023-08,Rocha,111.6,11.8,75.5,1760071.0,88.29
2023-08,Salto,9.2,14.9,70.7,1760071.0,109.72
2023-08,Soriano,32.0,12.8,71.5,1760071.0,88.29
2023-08,Tacuarembó,55.6,13.3,72.4,1760071.0,88.29
2023-09,Artigas,190.8,16.9,81.9,,104.33
2023-09,Colonia,25.9,13.6,76.0,,107.52
2023-09,Montevideo,32.6,13.0,75.2,,112.86
2023-09,Montevideo,32.6,13.0,75.2,,77.11
2023-09,Rocha,78.6,13.1,82.7,,102.23
2023-09,Salto,122.1,16.0,79.1,,115.39
2023-09,Soriano,53.2,14.1,75.9,,104.33
2023-09,Tacuarembó,157.8,14.5,79.1,,104.03
2023-10,Artigas,94.3,18.5,72.2,2217287.0,123.77
2023-10,Colonia,66.3,16.1,69.1,2217287.0,123.65
2023-10,Montevideo,1.4,15.5,68.9,2217287.0,124.95
2023-10,Montevideo,1.4,15.5,68.9,2217287.0,82.8
2023-10,Rocha,94.0,14.7,77.4,2217287.0,123.77
2023-10,Salto,64.6,18.3,68.5,2217287.0,142.22
2023-10,Soriano,68.4,16.7,67.3,2217287.0,123.77
2023-10,Tacuarembó,85.7,17.6,67.4,2217287.0,123.77
2023-11,Artigas,134.8,21.6,75.9,2321009.0,129.79
2023-11,Colonia,85.0,19.5,66.8,2321009.0,134.77
2023-11,Montevideo,56.5,18.4,67.5,2321009.0,135.35
2023-11,Montevideo,56.5,18.4,67.5,2321009.0,120.96
2023-11,Rocha,78.9,17.5,76.6,2321009.0,129.79
2023-11,Salto,230.7,21.3,73.1,2321009.0,136.77
2023-11,Soriano,54.2,20.4,65.7,2321009.0,129.79
2023-11,Tacuarembó,123.5,19.8,73.4,2321009.0,129.79
2023-12,Artigas,243.6,23.5,75.6,1799122.0,137.81
2023-12,Colonia,214.0,21.6,71.8,1799122.0,147.56
2023-12,Montevideo,168.3,20.7,73.4,1799122.0,144.84
2023-12,Montevideo,168.3,20.7,73.4,1799122.0,141.52
2023-12,Rocha,146.2,20.0,79.4,1799122.0,137.81
2023-12,Salto,287.1,23.1,74.9,1799122.0,163.45
2023-12,Soriano,240.7,22.3,70.9,1799122.0,137.81
2023-12,Tacuarembó,260.9,22.2,73.7,1799122.0,137.81
2024-01,Artigas,54.5,24.0,,1197860.0,144.48
2024-01,Colonia,47.9,23.6,,1197860.0,156.87
2024-01,Montevideo,32.5,22.7,,1197860.0,156.38
2024-01,Montevideo,32.5,22.7,,1197860.0,174.96
2024-01,Rocha,70.5,21.1,,1197860.0,144.48
2024-01,Salto,138.2,24.3,,1197860.0,156.52
2024-01,Soriano,56.9,24.4,,1197860.0,144.17
2024-01,Tacuarembó,57.1,24.2,,1197860.0,143.91
2024-02,Artigas,102.9,26.5,,1441643.0,
2024-02,Colonia,81.0,24.5,,1441643.0,181.87
2024-02,Montevideo,51.9,23.8,,1441643.0,171.15
2024-02,Montevideo,51.9,23.8,,1441643.0,156.66
2024-02,Rocha,93.0,22.8,,1441643.0,
2024-02,Salto,43.6,26.5,,1441643.0,216.0
2024-02,Soriano,150.8,25.2,,1441643.0,
2024-02,Tacuarembó,126.6,25.6,,1441643.0,
2024-03,Artigas,239.4,23.2,,1484470.0,
2024-03,Colonia,388.0,21.4,,1484470.0,157.81
2024-03,Montevideo,239.8,20.7,,1484470.0,152.78
2024-03,Montevideo,239.8,20.7,,1484470.0,133.66
2024-03,Rocha,153.0,20.1,,1484470.0,
2024-03,Salto,205.3,23.6,,1484470.0,183.85
2024-03,Soriano,459.5,21.6,,1484470.0,
2024-03,Tacuarembó,262.3,22.0,,1484470.0,
2024-04,Artigas,352.4,20.3,,2021208.0,
2024-04,Colonia,156.3,17.9,,2021208.0,142.98
2024-04,Montevideo,193.2,17.3,,2021208.0,143.92
2024-04,Montevideo,193.2,17.3,,2021208.0,112.17
2024-04,Rocha,141.8,17.3,,2021208.0,
2024-04,Salto,224.5,19.4,,2021208.0,185.37
2024-04,Soriano,208.0,17.9,,2021208.0,
2024-04,Tacuarembó,212.7,18.5,,2021208.0,
2024-05,Artigas,72.5,13.8,,1788261.0,145.16
2024-05,Colonia,15.2,12.3,,1788261.0,141.31
2024-05,Montevideo,70.3,12.0,,1788261.0,143.16
2024-05,Montevideo,70.3,12.0,,1788261.0,109.0
2024-05,Rocha,161.1,12.6,,1788261.0,145.16
2024-05,Salto,126.0,13.1,,1788261.0,154.4
2024-05,Soriano,64.0,12.1,,1788261.0,145.16
2024-05,Tacuarembó,323.1,12.4,,1788261.0,144.97
2024-06,Artigas,29.8,16.3,,1576115.0,155.9
2024-06,Colonia,11.8,13.6,,1576115.0,146.36
2024-06,Montevideo,30.6,12.9,,1576115.0,146.78
2024-06,Montevideo,30.6,12.9,,1576115.0,130.33
2024-06,Rocha,84.7,13.0,,1576115.0,155.9
2024-06,Salto,15.4,15.8,,1576115.0,160.75
2024-06,Soriano,12.3,13.8,,1576115.0,155.9
2024-06,Tacuarembó,25.6,14.1,,1576115.0,155.9
2024-07,Artigas,3.8,11.9,,1628515.0,134.16
2024-07,Colonia,3.6,9.4,,1628515.0,134.26
2024-07,Montevideo,9.9,8.5,,1628515.0,140.61
2024-07,Montevideo,9.9,8.5,,1628515.0,139.2
2024-07,Rocha,6.8,8.6,,1628515.0,134.16
2024-07,Salto,0.0,10.8,,1628515.0,148.6
2024-07,Soriano,3.8,8.6,,1628515.0,134.16
2024-07,Tacuarembó,12.6,9.5,,1628515.0,134.16
2024-08,Artigas,142.2,13.9,,1786111.0,138.67
2024-08,Colonia,136.1,11.6,,1786111.0,139.39
2024-08,Montevideo,100.0,11.4,,1786111.0,141.38
2024-08,Montevideo,100.0,11.4,,1786111.0,140.5
2024-08,Rocha,118.4,11.6,,1786111.0,138.67
2024-08,Salto,15.6,13.3,,1786111.0,151.51
2024-08,Soriano,38.3,11.8,,1786111.0,138.67
2024-08,Tacuarembó,75.8,12.2,,1786111.0,138.67
2024-09,Artigas,129.4,17.7,,,136.33
2024-09,Colonia,14.4,15.2,,,139.01
2024-09,Montevideo,45.7,14.6,,,145.62
2024-09,Montevideo,45.7,14.6,,,140.5
2024-09,Rocha,68.0,14.2,,,136.33
2024-09,Salto,68.4,16.9,,,149.98
2024-09,Soriano,14.7,15.5,,,136.33
2024-09,Tacuarembó,39.0,15.5,,,136.33
2024-10,Artigas,122.1,20.3,,2206475.0,132.87
2024-10,Colonia,100.2,18.3,,2206475.0,139.13
2024-10,Montevideo,47.0,17.5,,2206475.0,141.9
2024-10,Montevideo,47.0,17.5,,2206475.0,140.5
2024-10,Rocha,36.0,16.7,,2206475.0,132.87
2024-10,Salto,138.8,19.9,,2206475.0,149.23
2024-10,Soriano,142.9,18.8,,2206475.0,132.87
2024-10,Tacuarembó,116.3,18.8,,2206475.0,132.87
2024-11,Artigas,87.4,22.2,,2154418.0,134.17
2024-11,Colonia,134.6,20.6,,2154418.0,147.42
2024-11,Montevideo,78.5,20.1,,2154418.0,144.4
2024-11,Montevideo,78.5,20.1,,2154418.0,137.44
2024-11,Rocha,73.3,19.2,,2154418.0,134.17
2024-11,Salto,163.6,22.0,,2154418.0,155.87
2024-11,Soriano,82.1,21.8,,2154418.0,134.17
2024-11,Tacuarembó,107.4,21.5,,2154418.0,134.17
2024-12,Artigas,117.4,22.0,,2312910.0,137.0
2024-12,Colonia,50.6,20.4,,2312910.0,147.36
2024-12,Montevideo,64.6,19.7,,2312910.0,145.47
2024-12,Montevideo,64.6,19.7,,2312910.0,114.0
2024-12,Rocha,90.9,18.7,,2312910.0,137.0
2024-12,Salto,66.0,21.8,,2312910.0,150.68
2024-12,Soriano,73.7,21.0,,2312910.0,137.0
2024-12,Tacuarembó,84.4,20.7,,2312910.0,137.0
2025-01,Artigas,58.6,25.7,60.3,1986596.0,
2025-01,Colonia,70.9,23.7,70.5,1986596.0,
2025-01,Montevideo,37.1,23.2,69.9,1986596.0,
2025-01,Rocha,43.9,21.8,76.7,1986596.0,
2025-01,Salto,19.8,26.3,57.0,1986596.0,
2025-01,Soriano,45.7,25.3,60.3,1986596.0,
2025-01,Tacuarembó,92.6,24.9,64.9,1986596.0,
2025-02,Artigas,57.5,27.2,66.2,1756587.0,
2025-02,Colonia,188.5,24.2,74.5,1756587.0,
2025-02,Montevideo,42.9,24.3,71.9,1756587.0,
2025-02,Rocha,90.0,23.7,76.9,1756587.0,
2025-02,Salto,232.8,26.7,67.7,1756587.0,
2025-02,Soriano,194.1,24.7,75.1,1756587.0,
2025-02,Tacuarembó,103.4,24.9,76.3,1756587.0,
2025-03,Artigas,66.2,24.2,68.8,1984847.0,
2025-03,Colonia,187.6,21.8,77.3,1984847.0,
2025-03,Montevideo,114.3,21.7,75.7,1984847.0,
2025-03,Rocha,107.6,21.2,80.1,1984847.0,
2025-03,Salto,39.8,23.0,72.8,1984847.0,
2025-03,Soriano,154.2,21.6,79.7,1984847.0,
2025-03,Tacuarembó,115.8,22.5,76.2,1984847.0,
2025-04,Artigas,132.6,17.9,74.8,2046650.0,
2025-04,Colonia,65.4,16.9,75.3,2046650.0,
2025-04,Montevideo,46.0,16.5,76.2,2046650.0,
2025-04,Rocha,180.9,16.2,79.6,2046650.0,
2025-04,Salto,77.3,17.4,77.4,2046650.0,
2025-04,Soriano,75.3,16.4,78.0,2046650.0,
2025-04,Tacuarembó,76.2,17.1,77.8,2046650.0,
2025-05,Artigas,281.8,16.6,83.2,1884727.0,
2025-05,Colonia,189.1,15.5,78.8,1884727.0,
2025-05,Montevideo,120.0,15.1,81.1,1884727.0,
2025-05,Rocha,104.1,14.9,84.0,1884727.0,
2025-05,Salto,67.4,16.5,81.7,1884727.0,
2025-05,Soriano,184.7,15.5,81.9,1884727.0,
2025-05,Tacuarembó,119.8,15.6,84.4,1884727.0,
2025-06,Artigas,153.6,10.9,82.9,1737033.0,
2025-06,Colonia,19.2,9.8,76.2,1737033.0,
2025-06,Montevideo,53.4,9.0,80.8,1737033.0,
2025-06,Rocha,83.1,9.4,79.3,1737033.0,
2025-06,Salto,37.2,9.9,81.5,1737033.0,
2025-06,Soriano,40.0,9.0,80.5,1737033.0,
2025-06,Tacuarembó,50.7,9.4,81.6,1737033.0,
2025-07,Artigas,55.5,11.9,82.5,1761541.0,
2025-07,Colonia,30.0,10.4,81.7,1761541.0,
2025-07,Montevideo,31.6,9.7,84.8,1761541.0,
2025-07,Rocha,19.8,9.6,85.9,1761541.0,
2025-07,Salto,70.1,10.9,82.9,1761541.0,
2025-07,Soriano,87.4,10.1,83.8,1761541.0,
2025-07,Tacuarembó,106.8,9.5,89.9,1761541.0,
2025-08,Artigas,61.6,13.8,73.6,,
2025-08,Colonia,79.4,12.3,75.2,,
2025-08,Montevideo,54.6,12.0,76.6,,
2025-08,Rocha,93.2,11.5,79.4,,
2025-08,Salto,87.9,13.5,73.2,,
2025-08,Soriano,95.1,12.2,76.4,,
2025-08,Tacuarembó,79.5,12.2,76.0,,
2025-09,Artigas,199.7,16.3,76.9,,
2025-09,Colonia,84.9,14.1,75.2,,
2025-09,Montevideo,45.7,13.5,78.2,,
2025-09,Rocha,20.7,13.4,80.5,,
2025-09,Salto,89.7,15.7,75.3,,
2025-09,Soriano,56.0,14.2,76.7,,
2025-09,Tacuarembó,73.0,14.7,75.6,,
2025-10,Artigas,83.4,19.1,71.0,,
2025-10,Colonia,92.6,17.6,69.5,,
2025-10,Montevideo,87.6,17.0,71.8,,
2025-10,Rocha,74.1,16.4,76.4,,
2025-10,Salto,85.8,19.2,64.7,,
2025-10,Soriano,75.6,17.8,69.6,,
2025-10,Tacuarembó,151.9,18.0,68.9,,
2025-11,Artigas,2.2,20.5,72.5,,
2025-11,Colonia,6.8,18.6,74.2,,
2025-11,Montevideo,7.1,17.7,71.4,,
2025-11,Rocha,4.2,17.2,74.8,,
2025-11,Salto,0.0,20.9,67.0,,
2025-11,Soriano,1.0,19.5,72.1,,
2025-11,Tacuarembó,0.2,19.9,67.2,,
2007-01,,,,,1482798.0,
2007-02,,,,,1573671.0,
2007-03,,,,,1986847.0,
2007-04,,,,,1511601.0,
2007-05,,,,,1640647.0,
2007-06,,,,,1361806.0,
2007-07,,,,,1315140.0,
2007-08,,,,,1430767.0,
2007-10,,,,,1957939.0,
2007-11,,,,,1706138.0,
2007-12,,,,,1788630.0,
2008-01,,,,,1592232.0,
2008-02,,,,,1633067.0,
2008-03,,,,,1725595.0,
2008-04,,,,,1654253.0,
2008-05,,,,,1490727.0,
2008-06,,,,,1438828.0,
2008-07,,,,,1710988.0,
2008-08,,,,,1626710.0,
2008-10,,,,,2032902.0,
2008-11,,,,,1427006.0,
2008-12,,,,,1381743.0,
2009-01,,,,,1138982.0,
2009-02,,,,,1435968.0,
2009-03,,,,,1747756.0,
2009-04,,,,,1664085.0,
2009-05,,,,,1282399.0,
2009-06,,,,,1409997.0,
2009-07,,,,,1202810.0,
2009-08,,,,,1307680.0,
2009-10,,,,,1657718.0,
2009-11,,,,,1441948.0,
2009-12,,,,,1497823.0,
2010-01,,,,,1158000.0,
2010-02,,,,,1327510.0,
2010-03,,,,,1576582.0,
2010-04,,,,,1475424.0,
2010-05,,,,,1339445.0,
2010-06,,,,,1141928.0,
2010-07,,,,,1186600.0,
2010-08,,,,,1244760.0,
2010-10,,,,,1427085.0,
2010-11,,,,,1316391.0,
2010-12,,,,,1220031.0,
2011-01,,,,,813183.0,
2011-02,,,,,1153950.0,
2011-03,,,,,1432883.0,
2011-04,,,,,1613691.0,
2011-05,,,,,1620936.0,
2011-06,,,,,1426252.0,
2011-07,,,,,1286334.0,
2011-08,,,,,1588463.0,
2011-10,,,,,1963654.0,
2011-11,,,,,1852858.0,
2011-12,,,,,2655370.0,
2012-01,,,,,1337778.0,
2012-02,,,,,1167738.0,
2012-03,,,,,1528633.0,
2012-04,,,,,1391195.0,
2012-05,,,,,1552535.0,
2012-06,,,,,1275367.0,
2012-07,,,,,1201903.0,
2012-08,,,,,1245878.0,
2012-10,,,,,1689637.0,
2012-11,,,,,1871316.0,
2012-12,,,,,1459638.0,
2013-01,,,,,1152777.0,
2013-02,,,,,1182768.0,
2013-03,,,,,1169173.0,
2013-04,,,,,1511212.0,
2013-05,,,,,1326690.0,
2013-06,,,,,1254594.0,
2013-07,,,,,1372721.0,
2013-08,,,,,1430284.0,
2013-10,,,,,1707928.0,
2013-11,,,,,1602200.0,
2013-12,,,,,1544048.0,
2014-01,,,,,1040924.0,
2014-02,,,,,1209447.0,
2014-03,,,,,1594963.0,
2014-04,,,,,1428784.0,
2014-05,,,,,1465590.0,
2014-06,,,,,1264952.0,
2014-07,,,,,1450482.0,
2014-08,,,,,1557782.0,
2014-10,,,,,1981424.0,
2014-11,,,,,1631579.0,
2014-12,,,,,1605046.0,
2015-01,,,,,1553756.0,
2015-02,,,,,1532379.0,
2015-03,,,,,1762705.0,
2015-04,,,,,1613193.0,
2015-05,,,,,1548725.0,
2015-06,,,,,1559052.0,
2015-07,,,,,1599397.0,
2015-08,,,,,1518295.0,
2015-10,,,,,1860417.0,
2015-11,,,,,1794056.0,
2015-12,,,,,1593431.0,
2016-01,,,,,1312378.0,
2016-02,,,,,1475720.0,
2016-03,,,,,1507684.0,
2016-04,,,,,1582234.0,
2016-05,,,,,1286712.0,
2016-06,,,,,1160163.0,
2016-07,,,,,1058930.0,
2016-08,,,,,1455432.0,
2016-10,,,,,1351909.0,
2016-11,,,,,1231013.0,
2016-12,,,,,1722873.0,
2017-01,,,,,1205684.0,
2017-02,,,,,1448997.0,
2017-03,,,,,2040633.0,
2017-04,,,,,1581699.0,
2017-05,,,,,1520256.0,
2017-06,,,,,1485372.0,
2017-07,,,,,1457942.0,
2017-08,,,,,1845872.0,
2017-10,,,,,2054594.0,
2017-11,,,,,2031252.0,
2017-12,,,,,1921423.0,
2018-01,,,,,1866475.0,
2018-02,,,,,1858759.0,
2018-03,,,,,1636115.0,
2018-04,,,,,1821647.0,
2018-05,,,,,1710839.0,
2018-06,,,,,1442557.0,
2018-07,,,,,1434402.0,
2018-08,,,,,1492157.0,
2018-10,,,,,1920369.0,
2018-11,,,,,1904438.0,
2018-12,,,,,1522867.0,
2019-01,,,,,1569261.0,
2019-02,,,,,1545479.0,
2019-03,,,,,1721394.0,
2019-04,,,,,1905618.0,
2019-05,,,,,1966603.0,
2019-06,,,,,1662183.0,
2019-07,,,,,1690891.0,
2019-08,,,,,1756880.0,
2019-10,,,,,2108913.0,
2019-11,,,,,2107962.0,
2019-12,,,,,1951109.0,
2018-01,Montevideo,,,,,79.09
2018-02,Montevideo,,,,,79.8
2018-03,Montevideo,,,,,78.09
2018-04,Montevideo,,,,,76.79
2018-05,Montevideo,,,,,79.43
2018-06,Montevideo,,,,,80.9
2018-07,Montevideo,,,,,81.9
2018-08,Montevideo,,,,,82.58
2018-09,Montevideo,,,,,83.41
2018-10,Montevideo,,,,,83.73
2018-11,Montevideo,,,,,89.88
2018-12,Montevideo,,,,,93.72
2019-01,Montevideo,,,,,92.97
2019-02,Montevideo,,,,,89.88
2019-03,Montevideo,,,,,81.7
2019-04,Montevideo,,,,,67.08
2019-05,Montevideo,,,,,66.45
2019-06,Montevideo,,,,,64.21
2019-07,Montevideo,,,,,62.11
2019-08,Montevideo,,,,,62.81
2019-09,Montevideo,,,,,62.75
2019-10,Montevideo,,,,,73.5
2019-11,Montevideo,,,,,65.92
2019-12,Montevideo,,,,,70.49
2018-01,Artigas,,,,,68.34
2018-02,Artigas,,,,,69.26
2018-03,Artigas,,,,,76.77
2018-04,Artigas,,,,,77.63
2018-05,Artigas,,,,,80.97
2018-06,Artigas,,,,,82.0
2018-12,Artigas,,,,,75.0
2019-01,Artigas,,,,,75.0
2019-02,Artigas,,,,,75.0
2019-03,Artigas,,,,,73.06
2019-04,Artigas,,,,,69.0
2019-05,Artigas,,,,,69.0
2019-06,Artigas,,,,,69.0
2019-07,Artigas,,,,,69.0
2019-08,Artigas,,,,,69.0
2019-09,Artigas,,,,,69.0
2019-10,Artigas,,,,,69.0
2019-11,Artigas,,,,,67.73
2019-12,Artigas,,,,,59.67
2020-01,Artigas,,,,,58.77
2020-02,Artigas,,,,,58.17
2020-03,Artigas,,,,,92.85
2020-04,Artigas,,,,,94.73
2020-05,Artigas,,,,,87.6
2020-06,Artigas,,,,,90.0
2020-07,Artigas,,,,,90.0
2020-08,Artigas,,,,,82.0
2020-09,Artigas,,,,,86.33
2018-01,Canelones,,,,,78.98
2018-02,Canelones,,,,,78.4
2018-03,Canelones,,,,,76.38
2018-04,Canelones,,,,,75.85
2018-05,Canelones,,,,,77.97
2018-06,Canelones,,,,,79.37
2018-07,Canelones,,,,,80.82
2018-08,Canelones,,,,,82.17
2018-09,Canelones,,,,,83.87
2018-10,Canelones,,,,,81.79
2018-11,Canelones,,,,,88.37
2018-12,Canelones,,,,,95.51
2019-01,Canelones,,,,,96.98
2019-02,Canelones,,,,,92.92
2019-03,Canelones,,,,,80.77
2019-04,Canelones,,,,,66.2
2019-05,Canelones,,,,,65.18
2019-06,Canelones,,,,,63.2
2019-07,Canelones,,,,,61.61
2019-08,Canelones,,,,,62.58
2019-09,Canelones,,,,,62.13
2019-10,Canelones,,,,,62.16
2019-11,Canelones,,,,,65.7
2019-12,Canelones,,,,,69.9
2020-01,Canelones,,,,,69.56
2020-02,Canelones,,,,,72.68
2020-03,Canelones,,,,,83.9
2020-04,Canelones,,,,,89.53
2020-05,Canelones,,,,,90.95
2020-06,Canelones,,,,,91.85
2020-07,Canelones,,,,,88.15
2020-08,Canelones,,,,,88.41
2020-09,Canelones,,,,,93.19
2020-10,Canelones,,,,,94.48
2020-11,Canelones,,,,,100.46
2020-12,Canelones,,,,,105.1
2021-01,Canelones,,,,,106.02
2021-02,Canelones,,,,,106.02
2021-03,Canelones,,,,,89.71
2021-04,Canelones,,,,,82.5
2021-05,Canelones,,,,,80.31
2021-06,Canelones,,,,,76.13
2021-07,Canelones,,,,,74.51
2021-08,Canelones,,,,,70.39
2021-09,Canelones,,,,,72.91
2021-10,Canelones,,,,,76.6
2021-11,Canelones,,,,,78.06
2021-12,Canelones,,,,,77.98
2022-01,Canelones,,,,,73.57
2022-02,Canelones,,,,,75.32
2022-03,Canelones,,,,,75.18
2022-04,Canelones,,,,,75.86
2022-05,Canelones,,,,,71.89
2022-06,Canelones,,,,,69.75
2022-07,Canelones,,,,,69.04
2022-08,Canelones,,,,,70.58
2022-09,Canelones,,,,,69.9
2022-10,Canelones,,,,,71.11
2022-11,Canelones,,,,,76.12
2022-12,Canelones,,,,,77.22
2023-01,Canelones,,,,,80.8
2023-02,Canelones,,,,,79.09
2023-03,Canelones,,,,,98.41
2023-04,Canelones,,,,,111.9
2023-05,Canelones,,,,,113.49
2023-06,Canelones,,,,,109.79
2023-07,Canelones,,,,,105.64
2023-08,Canelones,,,,,111.1
2023-09,Canelones,,,,,121.17
2023-10,Canelones,,,,,124.89
2023-11,Canelones,,,,,137.36
2023-12,Canelones,,,,,145.94
2024-01,Canelones,,,,,159.66
2024-02,Canelones,,,,,163.04
2024-03,Canelones,,,,,154.7
2024-04,Canelones,,,,,136.4
2024-05,Canelones,,,,,138.41
2024-06,Canelones,,,,,144.95
2024-07,Canelones,,,,,128.05
2024-08,Canelones,,,,,137.93
2024-09,Canelones,,,,,142.73
2024-10,Canelones,,,,,140.56
2024-11,Canelones,,,,,141.75
2024-12,Canelones,,,,,138.86
2018-01,Cerro Largo,,,,,68.34
2018-02,Cerro Largo,,,,,69.26
2018-03,Cerro Largo,,,,,76.77
2018-04,Cerro Largo,,,,,77.63
2018-05,Cerro Largo,,,,,79.08
2018-06,Cerro Largo,,,,,82.0
2018-07,Cerro Largo,,,,,83.94
2018-08,Cerro Largo,,,,,85.0
2018-09,Cerro Largo,,,,,85.14
2018-10,Cerro Largo,,,,,86.2
2018-11,Cerro Largo,,,,,88.43
2018-12,Cerro Largo,,,,,89.83
2019-01,Cerro Largo,,,,,87.0
2019-02,Cerro Largo,,,,,86.36
2019-03,Cerro Largo,,,,,82.48
2019-04,Cerro Largo,,,,,67.83
2019-05,Cerro Largo,,,,,63.03
2019-06,Cerro Largo,,,,,58.0
2019-07,Cerro Largo,,,,,55.11
2019-08,Cerro Largo,,,,,56.53
2019-09,Cerro Largo,,,,,61.0
2019-10,Cerro Largo,,,,,59.79
2019-11,Cerro Largo,,,,,59.08
2019-12,Cerro Largo,,,,,59.67
2020-01,Cerro Largo,,,,,58.77
2020-02,Cerro Largo,,,,,54.72
2020-03,Cerro Largo,,,,,91.12
2020-04,Cerro Largo,,,,,95.9
2020-05,Cerro Largo,,,,,87.6
2020-06,Cerro Largo,,,,,90.0
2020-07,Cerro Largo,,,,,90.0
2020-08,Cerro Largo,,,,,81.55
2020-09,Cerro Largo,,,,,86.18
2020-10,Cerro Largo,,,,,89.48
2020-11,Cerro Largo,,,,,88.43
2020-12,Cerro Largo,,,,,100.6
2021-01,Cerro Largo,,,,,106.76
2021-02,Cerro Largo,,,,,110.2
2021-03,Cerro Largo,,,,,99.83
2021-04,Cerro Largo,,,,,95.5
2021-05,Cerro Largo,,,,,97.15
2021-06,Cerro Largo,,,,,87.4
2021-07,Cerro Largo,,,,,76.84
2021-08,Cerro Largo,,,,,70.04
2021-09,Cerro Largo,,,,,74.31
2021-10,Cerro Largo,,,,,74.38
2021-11,Cerro Largo,,,,,79.0
2021-12,Cerro Largo,,,,,77.04
2022-01,Cerro Largo,,,,,62.49
2022-02,Cerro Largo,,,,,72.68
2022-03,Cerro Largo,,,,,77.29
2022-04,Cerro Largo,,,,,71.4
2022-05,Cerro Largo,,,,,71.92
2022-06,Cerro Largo,,,,,64.29
2022-07,Cerro Largo,,,,,63.03
2022-08,Cerro Largo,,,,,66.25
2022-09,Cerro Largo,,,,,66.17
2022-10,Cerro Largo,,,,,67.0
2022-11,Cerro Largo,,,,,67.93
2022-12,Cerro Largo,,,,,71.85
2023-01,Cerro Largo,,,,,75.06
2023-02,Cerro Largo,,,,,78.2
2023-03,Cerro Largo,,,,,85.11
2023-04,Cerro Largo,,,,,100.0
2023-05,Cerro Largo,,,,,103.5
2023-06,Cerro Largo,,,,,95.73
2023-07,Cerro Largo,,,,,89.3
2023-08,Cerro Largo,,,,,88.29
2023-09,Cerro Largo,,,,,104.33
2023-10,Cerro Largo,,,,,123.77
2023-11,Cerro Largo,,,,,129.79
2023-12,Cerro Largo,,,,,137.81
2024-01,Cerro Largo,,,,,144.48
2024-05,Cerro Largo,,,,,145.16
2024-06,Cerro Largo,,,,,155.9
2024-07,Cerro Largo,,,,,134.16
2024-08,Cerro Largo,,,,,138.67
2024-09,Cerro Largo,,,,,136.33
2024-10,Cerro Largo,,,,,132.87
2024-11,Cerro Largo,,,,,134.17
2024-12,Cerro Largo,,,,,137.0
2018-01,Colonia,,,,,71.64
2018-02,Colonia,,,,,70.45
2018-03,Colonia,,,,,73.19
2018-04,Colonia,,,,,74.24
2018-05,Colonia,,,,,70.15
2018-06,Colonia,,,,,69.8
2018-07,Colonia,,,,,70.66
2018-08,Colonia,,,,,71.73
2018-09,Colonia,,,,,74.23
2018-10,Colonia,,,,,77.39
2018-11,Colonia,,,,,83.1
2018-12,Colonia,,,,,89.1
2019-01,Colonia,,,,,91.58
2019-02,Colonia,,,,,87.93
2019-03,Colonia,,,,,81.23
2019-04,Colonia,,,,,66.53
2019-05,Colonia,,,,,62.03
2019-06,Colonia,,,,,60.0
2019-07,Colonia,,,,,56.81
2019-08,Colonia,,,,,57.36
2019-09,Colonia,,,,,57.94
2019-10,Colonia,,,,,59.06
2019-11,Colonia,,,,,64.2
2019-12,Colonia,,,,,63.06
2020-01,Colonia,,,,,61.5
2018-01,Durazno,,,,,68.34
2018-02,Durazno,,,,,69.26
2018-03,Durazno,,,,,76.77
2018-04,Durazno,,,,,77.63
2018-05,Durazno,,,,,80.97
2018-06,Durazno,,,,,82.0
2018-07,Durazno,,,,,83.94
2018-08,Durazno,,,,,85.0
2018-09,Durazno,,,,,85.14
2018-10,Durazno,,,,,86.2
2018-11,Durazno,,,,,87.0
2018-12,Durazno,,,,,75.0
2019-01,Durazno,,,,,75.0
2019-02,Durazno,,,,,75.0
2019-03,Durazno,,,,,73.06
2019-04,Durazno,,,,,69.0
2019-05,Durazno,,,,,65.77
2019-06,Durazno,,,,,62.79
2019-07,Durazno,,,,,59.0
2019-08,Durazno,,,,,59.0
2019-09,Durazno,,,,,64.17
2019-10,Durazno,,,,,65.0
2019-11,Durazno,,,,,64.5
2019-12,Durazno,,,,,61.44
2020-01,Durazno,,,,,60.85
2020-02,Durazno,,,,,58.4
2020-03,Durazno,,,,,97.9
2020-04,Durazno,,,,,97.53
2020-05,Durazno,,,,,86.73
2020-06,Durazno,,,,,88.33
2020-07,Durazno,,,,,81.75
2020-08,Durazno,,,,,82.71
2020-09,Durazno,,,,,84.4
2020-10,Durazno,,,,,87.73
2020-11,Durazno,,,,,96.99
2020-12,Durazno,,,,,105.33
2021-01,Durazno,,,,,106.83
2021-02,Durazno,,,,,110.61
2021-03,Durazno,,,,,103.2
2021-04,Durazno,,,,,98.71
2021-05,Durazno,,,,,96.26
2021-06,Durazno,,,,,80.49
2021-07,Durazno,,,,,69.38
2021-08,Durazno,,,,,62.63
2021-09,Durazno,,,,,65.27
2021-10,Durazno,,,,,60.85
2021-11,Durazno,,,,,67.29
2021-12,Durazno,,,,,67.78
2022-01,Durazno,,,,,70.47
2022-02,Durazno,,,,,76.66
2022-03,Durazno,,,,,73.56
2022-04,Durazno,,,,,77.56
2022-05,Durazno,,,,,75.22
2022-06,Durazno,,,,,64.94
2022-07,Durazno,,,,,66.31
2022-08,Durazno,,,,,62.24
2022-09,Durazno,,,,,66.17
2022-10,Durazno,,,,,66.83
2022-11,Durazno,,,,,68.6
2022-12,Durazno,,,,,76.2
2023-01,Durazno,,,,,77.71
2023-02,Durazno,,,,,80.06
2023-03,Durazno,,,,,96.14
2023-04,Durazno,,,,,102.73
2023-05,Durazno,,,,,111.11
2023-06,Durazno,,,,,103.76
2023-07,Durazno,,,,,95.95
2023-08,Durazno,,,,,98.21
2023-09,Durazno,,,,,103.3
2023-10,Durazno,,,,,109.96
2023-11,Durazno,,,,,111.01
2023-12,Durazno,,,,,122.4
2024-01,Durazno,,,,,110.62
2024-02,Durazno,,,,,107.4
2024-03,Durazno,,,,,106.5
2024-04,Durazno,,,,,107.0
2024-05,Durazno,,,,,122.06
2024-06,Durazno,,,,,155.9
2024-07,Durazno,,,,,134.16
2024-08,Durazno,,,,,138.67
2024-09,Durazno,,,,,136.33
2024-10,Durazno,,,,,132.87
2024-11,Durazno,,,,,134.17
2024-12,Durazno,,,,,137.0
2018-01,Flores,,,,,68.34
2018-02,Flores,,,,,69.26
2018-03,Flores,,,,,76.77
2018-04,Flores,,,,,77.63
2018-05,Flores,,,,,80.97
2018-06,Flores,,,,,82.0
2018-07,Flores,,,,,83.94
2018-08,Flores,,,,,85.0
2018-09,Flores,,,,,85.14
2018-10,Flores,,,,,86.2
2018-11,Flores,,,,,88.43
2018-12,Flores,,,,,89.83
2019-01,Flores,,,,,87.0
2019-02,Flores,,,,,86.36
2019-03,Flores,,,,,82.48
2019-04,Flores,,,,,67.83
2019-05,Flores,,,,,63.03
2019-06,Flores,,,,,58.0
2019-07,Flores,,,,,55.11
2019-08,Flores,,,,,56.53
2019-09,Flores,,,,,58.48
2019-10,Flores,,,,,57.0
2019-11,Flores,,,,,59.61
2019-12,Flores,,,,,59.67
2020-01,Flores,,,,,58.77
2020-02,Flores,,,,,58.17
2020-03,Flores,,,,,92.85
2020-04,Flores,,,,,94.57
2020-05,Flores,,,,,87.6
2020-06,Flores,,,,,90.0
2020-07,Flores,,,,,90.0
2020-08,Flores,,,,,81.55
2020-09,Flores,,,,,86.3
2020-10,Flores,,,,,89.48
2020-11,Flores,,,,,94.5
2020-12,Flores,,,,,101.71
2021-01,Flores,,,,,107.0
2021-02,Flores,,,,,110.2
2021-03,Flores,,,,,99.83
2021-04,Flores,,,,,95.25
2021-05,Flores,,,,,97.0
2021-06,Flores,,,,,87.78
2021-07,Flores,,,,,76.84
2021-08,Flores,,,,,70.04
2021-09,Flores,,,,,74.31
2021-10,Flores,,,,,74.38
2021-11,Flores,,,,,79.0
2021-12,Flores,,,,,77.04
2022-01,Flores,,,,,61.0
2022-02,Flores,,,,,75.43
2022-03,Flores,,,,,80.35
2022-04,Flores,,,,,73.32
2022-05,Flores,,,,,72.0
2022-06,Flores,,,,,64.29
2022-07,Flores,,,,,64.0
2022-08,Flores,,,,,66.2
2022-09,Flores,,,,,66.06
2022-10,Flores,,,,,67.0
2022-11,Flores,,,,,67.57
2022-12,Flores,,,,,71.52
2023-01,Flores,,,,,74.94
2023-02,Flores,,,,,78.28
2023-03,Flores,,,,,82.94
2023-04,Flores,,,,,100.0
2023-05,Flores,,,,,103.5
2023-06,Flores,,,,,95.73
2023-07,Flores,,,,,89.3
2023-08,Flores,,,,,88.29
2023-09,Flores,,,,,104.73
2023-10,Flores,,,,,123.77
2023-11,Flores,,,,,129.79
2023-12,Flores,,,,,137.81
2024-01,Flores,,,,,144.48
2024-05,Flores,,,,,145.16
2024-06,Flores,,,,,155.9
2024-07,Flores,,,,,134.16
2024-08,Flores,,,,,138.67
2024-09,Flores,,,,,136.33
2024-10,Flores,,,,,132.87
2024-11,Flores,,,,,134.17
2024-12,Flores,,,,,137.0
2018-01,Florida,,,,,68.34
2018-02,Florida,,,,,69.26
2018-03,Florida,,,,,76.77
2018-04,Florida,,,,,77.63
2018-05,Florida,,,,,80.9
2018-06,Florida,,,,,82.0
2018-07,Florida,,,,,83.94
2018-08,Florida,,,,,85.0
2018-09,Florida,,,,,85.14
2018-10,Florida,,,,,86.2
2018-11,Florida,,,,,88.83
2018-12,Florida,,,,,89.83
2019-01,Florida,,,,,87.0
2019-02,Florida,,,,,86.36
2019-03,Florida,,,,,82.48
2019-04,Florida,,,,,67.83
2019-05,Florida,,,,,63.03
2019-06,Florida,,,,,58.0
2019-07,Florida,,,,,55.11
2019-08,Florida,,,,,56.53
2019-09,Florida,,,,,61.0
2019-10,Florida,,,,,59.79
2019-11,Florida,,,,,59.48
2019-12,Florida,,,,,59.67
2020-01,Florida,,,,,58.77
2020-02,Florida,,,,,58.17
2020-03,Florida,,,,,92.85
2020-04,Florida,,,,,94.4
2020-05,Florida,,,,,87.6
2020-06,Florida,,,,,90.0
2020-07,Florida,,,,,90.0
2020-08,Florida,,,,,81.55
2020-09,Florida,,,,,86.23
2020-10,Florida,,,,,89.48
2020-11,Florida,,,,,93.5
2020-12,Florida,,,,,100.58
2021-01,Florida,,,,,105.19
2021-02,Florida,,,,,110.2
2021-03,Florida,,,,,99.83
2021-04,Florida,,,,,95.5
2021-05,Florida,,,,,97.15
2021-06,Florida,,,,,87.4
2021-07,Florida,,,,,76.84
2021-08,Florida,,,,,70.04
2021-09,Florida,,,,,74.31
2021-10,Florida,,,,,74.38
2021-11,Florida,,,,,79.0
2021-12,Florida,,,,,77.04
2022-01,Florida,,,,,61.08
2022-02,Florida,,,,,69.0
2022-03,Florida,,,,,79.65
2022-04,Florida,,,,,72.56
2022-05,Florida,,,,,72.0
2022-06,Florida,,,,,64.29
2022-07,Florida,,,,,64.0
2022-08,Florida,,,,,66.2
2022-09,Florida,,,,,66.17
2022-10,Florida,,,,,67.0
2022-11,Florida,,,,,67.93
2022-12,Florida,,,,,71.85
2023-01,Florida,,,,,75.0
2023-02,Florida,,,,,78.06
2023-03,Florida,,,,,84.94
2023-04,Florida,,,,,95.23
2023-05,Florida,,,,,90.5
2023-06,Florida,,,,,92.27
2023-07,Florida,,,,,85.59
2023-08,Florida,,,,,87.16
2023-09,Florida,,,,,100.37
2023-10,Florida,,,,,122.19
2023-11,Florida,,,,,129.79
2023-12,Florida,,,,,137.81
2024-01,Florida,,,,,144.48
2024-05,Florida,,,,,144.19
2024-06,Florida,,,,,154.86
2024-07,Florida,,,,,134.16
2024-08,Florida,,,,,137.67
2024-09,Florida,,,,,110.33
2024-10,Florida,,,,,132.87
2024-11,Florida,,,,,134.17
2024-12,Florida,,,,,137.0
2018-01,Lavalleja,,,,,68.34
2018-02,Lavalleja,,,,,69.26
2018-03,Lavalleja,,,,,76.77
2018-04,Lavalleja,,,,,77.63
2018-05,Lavalleja,,,,,78.15
2018-06,Lavalleja,,,,,82.0
2018-07,Lavalleja,,,,,83.94
2018-08,Lavalleja,,,,,85.0
2018-09,Lavalleja,,,,,78.14
2018-10,Lavalleja,,,,,85.33
2018-11,Lavalleja,,,,,87.0
2019-11,Lavalleja,,,,,62.0
2019-12,Lavalleja,,,,,59.67
2020-01,Lavalleja,,,,,58.61
2020-02,Lavalleja,,,,,58.17
2020-03,Lavalleja,,,,,92.85
2020-04,Lavalleja,,,,,94.07
2020-05,Lavalleja,,,,,87.6
2020-06,Lavalleja,,,,,90.0
2020-07,Lavalleja,,,,,90.0
2020-08,Lavalleja,,,,,82.0
2020-09,Lavalleja,,,,,86.23
2020-10,Lavalleja,,,,,89.48
2020-11,Lavalleja,,,,,94.5
2020-12,Lavalleja,,,,,101.71
2021-01,Lavalleja,,,,,107.0
2021-02,Lavalleja,,,,,110.2
2021-03,Lavalleja,,,,,99.83
2021-04,Lavalleja,,,,,95.0
2021-05,Lavalleja,,,,,97.0
2021-06,Lavalleja,,,,,87.4
2021-07,Lavalleja,,,,,76.84
2021-08,Lavalleja,,,,,70.04
2021-09,Lavalleja,,,,,74.31
2021-10,Lavalleja,,,,,74.38
2021-11,Lavalleja,,,,,79.0
2021-12,Lavalleja,,,,,77.04
2022-01,Lavalleja,,,,,64.26
2022-02,Lavalleja,,,,,80.0
2022-03,Lavalleja,,,,,82.13
2022-04,Lavalleja,,,,,72.33
2022-05,Lavalleja,,,,,71.52
2022-06,Lavalleja,,,,,63.75
2022-07,Lavalleja,,,,,63.68
2022-08,Lavalleja,,,,,66.2
2022-09,Lavalleja,,,,,66.17
2022-10,Lavalleja,,,,,67.0
2022-11,Lavalleja,,,,,68.67
2022-12,Lavalleja,,,,,72.52
2023-01,Lavalleja,,,,,75.12
2023-02,Lavalleja,,,,,78.25
2023-03,Lavalleja,,,,,81.7
2023-04,Lavalleja,,,,,98.5
2023-05,Lavalleja,,,,,103.5
2023-06,Lavalleja,,,,,91.83
2023-07,Lavalleja,,,,,89.3
2023-08,Lavalleja,,,,,88.29
2023-09,Lavalleja,,,,,101.93
2023-10,Lavalleja,,,,,123.77
2023-11,Lavalleja,,,,,129.79
2023-12,Lavalleja,,,,,137.81
2024-01,Lavalleja,,,,,144.48
2024-05,Lavalleja,,,,,145.16
2024-06,Lavalleja,,,,,152.59
2024-07,Lavalleja,,,,,131.06
2024-08,Lavalleja,,,,,138.67
2024-09,Lavalleja,,,,,136.33
2024-10,Lavalleja,,,,,132.87
2024-11,Lavalleja,,,,,134.17
2024-12,Lavalleja,,,,,137.0
2018-01,Maldonado,,,,,86.25
2018-02,Maldonado,,,,,85.64
2018-03,Maldonado,,,,,81.92
2018-04,Maldonado,,,,,78.6
2018-05,Maldonado,,,,,79.99
2018-06,Maldonado,,,,,82.05
2018-07,Maldonado,,,,,83.76
2018-08,Maldonado,,,,,85.84
2018-09,Maldonado,,,,,86.24
2018-10,Maldonado,,,,,85.09
2018-11,Maldonado,,,,,96.87
2018-12,Maldonado,,,,,108.32
2019-01,Maldonado,,,,,113.76
2019-02,Maldonado,,,,,109.59
2019-03,Maldonado,,,,,92.58
2019-04,Maldonado,,,,,70.21
2019-05,Maldonado,,,,,71.73
2019-06,Maldonado,,,,,69.63
2019-07,Maldonado,,,,,66.77
2019-08,Maldonado,,,,,67.57
2019-09,Maldonado,,,,,65.2
2019-10,Maldonado,,,,,66.17
2019-11,Maldonado,,,,,70.66
2019-12,Maldonado,,,,,76.92
2020-01,Maldonado,,,,,75.14
2020-02,Maldonado,,,,,79.17
2020-03,Maldonado,,,,,88.56
2020-04,Maldonado,,,,,96.42
2020-05,Maldonado,,,,,99.39
2020-06,Maldonado,,,,,99.88
2020-07,Maldonado,,,,,99.75
2020-08,Maldonado,,,,,103.21
2020-09,Maldonado,,,,,105.26
2020-10,Maldonado,,,,,109.56
2020-11,Maldonado,,,,,115.36
2020-12,Maldonado,,,,,117.58
2021-01,Maldonado,,,,,117.01
2021-02,Maldonado,,,,,125.27
2021-03,Maldonado,,,,,103.84
2021-04,Maldonado,,,,,92.07
2021-05,Maldonado,,,,,88.45
2021-06,Maldonado,,,,,86.26
2021-07,Maldonado,,,,,83.24
2021-08,Maldonado,,,,,78.14
2021-09,Maldonado,,,,,79.6
2021-10,Maldonado,,,,,84.98
2021-11,Maldonado,,,,,90.81
2021-12,Maldonado,,,,,91.55
2022-01,Maldonado,,,,,88.29
2022-02,Maldonado,,,,,91.11
2022-03,Maldonado,,,,,87.83
2022-04,Maldonado,,,,,84.41
2022-05,Maldonado,,,,,82.27
2022-06,Maldonado,,,,,77.21
2022-07,Maldonado,,,,,76.62
2022-08,Maldonado,,,,,75.84
2022-09,Maldonado,,,,,74.31
2022-10,Maldonado,,,,,74.71
2022-11,Maldonado,,,,,80.2
2022-12,Maldonado,,,,,84.5
2023-01,Maldonado,,,,,91.41
2023-02,Maldonado,,,,,95.46
2023-03,Maldonado,,,,,112.08
2023-04,Maldonado,,,,,123.97
2023-05,Maldonado,,,,,122.73
2023-06,Maldonado,,,,,121.2
2023-07,Maldonado,,,,,116.51
2023-08,Maldonado,,,,,127.3
2023-09,Maldonado,,,,,138.68
2023-10,Maldonado,,,,,151.66
2023-11,Maldonado,,,,,154.9
2023-12,Maldonado,,,,,166.24
2024-01,Maldonado,,,,,168.76
2024-02,Maldonado,,,,,180.55
2024-03,Maldonado,,,,,173.77
2024-04,Maldonado,,,,,161.58
2024-05,Maldonado,,,,,154.6
2024-06,Maldonado,,,,,152.74
2024-07,Maldonado,,,,,151.05
2024-08,Maldonado,,,,,150.65
2024-09,Maldonado,,,,,158.0
2024-10,Maldonado,,,,,155.47
2024-11,Maldonado,,,,,159.87
2024-12,Maldonado,,,,,162.52
2018-01,Paysandú,,,,,70.91
2018-02,Paysandú,,,,,71.12
2018-03,Paysandú,,,,,75.31
2018-04,Paysandú,,,,,77.95
2018-05,Paysandú,,,,,79.79
2018-06,Paysandú,,,,,82.09
2018-07,Paysandú,,,,,83.72
2018-08,Paysandú,,,,,85.44
2018-09,Paysandú,,,,,86.05
2018-10,Paysandú,,,,,86.98
2018-11,Paysandú,,,,,89.63
2018-12,Paysandú,,,,,91.65
2019-01,Paysandú,,,,,89.37
2019-02,Paysandú,,,,,82.09
2019-03,Paysandú,,,,,77.54
2019-04,Paysandú,,,,,67.99
2019-05,Paysandú,,,,,63.86
2019-06,Paysandú,,,,,57.47
2019-07,Paysandú,,,,,54.25
2019-08,Paysandú,,,,,58.33
2019-09,Paysandú,,,,,63.5
2019-10,Paysandú,,,,,62.28
2019-11,Paysandú,,,,,62.43
2019-12,Paysandú,,,,,61.25
2020-01,Paysandú,,,,,59.64
2020-02,Paysandú,,,,,59.36
2020-03,Paysandú,,,,,86.95
2020-04,Paysandú,,,,,89.84
2020-05,Paysandú,,,,,87.14
2020-06,Paysandú,,,,,89.03
2020-07,Paysandú,,,,,89.28
2020-08,Paysandú,,,,,83.66
2020-09,Paysandú,,,,,87.11
2020-10,Paysandú,,,,,89.3
2020-11,Paysandú,,,,,93.26
2020-12,Paysandú,,,,,99.05
2021-01,Paysandú,,,,,103.31
2021-02,Paysandú,,,,,104.59
2021-03,Paysandú,,,,,95.9
2021-04,Paysandú,,,,,92.5
2021-05,Paysandú,,,,,95.0
2021-06,Paysandú,,,,,87.94
2021-07,Paysandú,,,,,78.71
2021-08,Paysandú,,,,,74.56
2021-09,Paysandú,,,,,77.5
2021-10,Paysandú,,,,,78.2
2021-11,Paysandú,,,,,81.35
2021-12,Paysandú,,,,,79.94
2022-01,Paysandú,,,,,69.58
2022-02,Paysandú,,,,,73.38
2022-03,Paysandú,,,,,81.09
2022-04,Paysandú,,,,,73.03
2022-05,Paysandú,,,,,71.05
2022-06,Paysandú,,,,,61.79
2022-07,Paysandú,,,,,63.35
2022-08,Paysandú,,,,,66.25
2022-09,Paysandú,,,,,66.17
2022-10,Paysandú,,,,,66.73
2022-11,Paysandú,,,,,67.49
2022-12,Paysandú,,,,,71.85
2023-01,Paysandú,,,,,75.0
2023-02,Paysandú,,,,,78.23
2023-03,Paysandú,,,,,83.87
2023-04,Paysandú,,,,,100.0
2023-05,Paysandú,,,,,103.37
2023-06,Paysandú,,,,,95.2
2023-07,Paysandú,,,,,89.3
2023-08,Paysandú,,,,,88.29
2023-09,Paysandú,,,,,103.71
2023-10,Paysandú,,,,,123.77
2023-11,Paysandú,,,,,129.79
2023-12,Paysandú,,,,,137.81
2024-01,Paysandú,,,,,144.48
2024-05,Paysandú,,,,,145.16
2024-06,Paysandú,,,,,155.9
2024-07,Paysandú,,,,,134.16
2024-08,Paysandú,,,,,138.67
2024-09,Paysandú,,,,,135.83
2024-10,Paysandú,,,,,132.87
2024-11,Paysandú,,,,,134.17
2024-12,Paysandú,,,,,137.0
2018-01,Río Negro,,,,,68.34
2018-02,Río Negro,,,,,69.26
2018-03,Río Negro,,,,,75.43
2018-04,Río Negro,,,,,77.63
2018-05,Río Negro,,,,,80.97
2018-06,Río Negro,,,,,82.0
2018-07,Río Negro,,,,,84.2
2018-08,Río Negro,,,,,85.0
2018-09,Río Negro,,,,,85.18
2018-10,Río Negro,,,,,86.6
2018-11,Río Negro,,,,,88.85
2018-12,Río Negro,,,,,89.83
2019-01,Río Negro,,,,,87.0
2019-02,Río Negro,,,,,86.36
2019-03,Río Negro,,,,,82.48
2019-04,Río Negro,,,,,67.83
2019-05,Río Negro,,,,,62.26
2019-06,Río Negro,,,,,58.0
2019-07,Río Negro,,,,,59.21
2019-08,Río Negro,,,,,61.53
2019-09,Río Negro,,,,,61.69
2019-10,Río Negro,,,,,59.71
2019-11,Río Negro,,,,,59.71
2019-12,Río Negro,,,,,59.67
2020-01,Río Negro,,,,,58.77
2020-02,Río Negro,,,,,58.17
2020-03,Río Negro,,,,,92.85
2020-04,Río Negro,,,,,93.78
2020-05,Río Negro,,,,,82.6
2020-06,Río Negro,,,,,85.0
2020-07,Río Negro,,,,,85.0
2020-08,Río Negro,,,,,76.81
2020-09,Río Negro,,,,,84.87
2020-10,Río Negro,,,,,89.48
2020-11,Río Negro,,,,,94.42
2020-12,Río Negro,,,,,100.74
2021-01,Río Negro,,,,,106.76
2021-02,Río Negro,,,,,110.2
2021-03,Río Negro,,,,,99.83
2021-04,Río Negro,,,,,95.27
2021-05,Río Negro,,,,,97.08
2021-06,Río Negro,,,,,87.73
2021-07,Río Negro,,,,,76.84
2021-08,Río Negro,,,,,70.04
2021-09,Río Negro,,,,,74.31
2021-10,Río Negro,,,,,74.38
2021-11,Río Negro,,,,,79.0
2021-12,Río Negro,,,,,77.04
2022-01,Río Negro,,,,,63.72
2022-02,Río Negro,,,,,68.84
2022-03,Río Negro,,,,,72.68
2022-04,Río Negro,,,,,71.29
2022-05,Río Negro,,,,,71.4
2022-06,Río Negro,,,,,64.29
2022-07,Río Negro,,,,,63.84
2022-08,Río Negro,,,,,66.2
2022-09,Río Negro,,,,,66.17
2022-10,Río Negro,,,,,67.0
2022-11,Río Negro,,,,,67.65
2022-12,Río Negro,,,,,71.85
2023-01,Río Negro,,,,,75.06
2023-02,Río Negro,,,,,77.23
2023-03,Río Negro,,,,,84.63
2023-04,Río Negro,,,,,100.0
2023-05,Río Negro,,,,,103.5
2023-06,Río Negro,,,,,95.73
2023-07,Río Negro,,,,,87.44
2023-08,Río Negro,,,,,88.29
2023-09,Río Negro,,,,,104.33
2023-10,Río Negro,,,,,123.77
2023-11,Río Negro,,,,,129.79
2023-12,Río Negro,,,,,137.81
2024-01,Río Negro,,,,,144.48
2024-05,Río Negro,,,,,145.16
2024-06,Río Negro,,,,,155.64
2024-07,Río Negro,,,,,134.16
2024-08,Río Negro,,,,,138.67
2024-09,Río Negro,,,,,136.33
2024-10,Río Negro,,,,,132.87
2024-11,Río Negro,,,,,134.17
2024-12,Río Negro,,,,,137.0
2018-01,Rivera,,,,,70.74
2018-02,Rivera,,,,,71.31
2018-03,Rivera,,,,,75.34
2018-04,Rivera,,,,,78.44
2018-05,Rivera,,,,,77.57
2018-06,Rivera,,,,,77.02
2018-07,Rivera,,,,,78.42
2018-08,Rivera,,,,,79.0
2018-09,Rivera,,,,,80.54
2018-10,Rivera,,,,,83.25
2018-11,Rivera,,,,,87.82
2018-12,Rivera,,,,,94.46
2019-01,Rivera,,,,,93.45
2019-02,Rivera,,,,,89.91
2019-03,Rivera,,,,,88.77
2019-04,Rivera,,,,,70.58
2019-05,Rivera,,,,,65.7
2019-06,Rivera,,,,,59.18
2019-07,Rivera,,,,,54.08
2019-08,Rivera,,,,,57.33
2019-09,Rivera,,,,,60.44
2019-10,Rivera,,,,,61.29
2019-11,Rivera,,,,,64.56
2019-12,Rivera,,,,,63.15
2020-01,Rivera,,,,,62.48
2020-02,Rivera,,,,,63.78
2020-03,Rivera,,,,,83.13
2020-04,Rivera,,,,,91.21
2020-05,Rivera,,,,,88.6
2020-06,Rivera,,,,,89.5
2020-07,Rivera,,,,,89.97
2020-08,Rivera,,,,,85.84
2020-09,Rivera,,,,,90.79
2020-10,Rivera,,,,,93.28
2020-11,Rivera,,,,,98.86
2020-12,Rivera,,,,,104.49
2021-01,Rivera,,,,,111.95
2021-02,Rivera,,,,,115.44
2021-03,Rivera,,,,,99.28
2021-04,Rivera,,,,,83.52
2021-05,Rivera,,,,,88.01
2021-06,Rivera,,,,,78.23
2021-07,Rivera,,,,,70.67
2021-08,Rivera,,,,,67.04
2021-09,Rivera,,,,,71.23
2021-10,Rivera,,,,,71.59
2021-11,Rivera,,,,,74.95
2021-12,Rivera,,,,,73.36
2022-01,Rivera,,,,,66.09
2022-02,Rivera,,,,,73.46
2022-03,Rivera,,,,,76.48
2022-04,Rivera,,,,,73.33
2022-05,Rivera,,,,,71.78
2022-06,Rivera,,,,,64.15
2022-07,Rivera,,,,,63.89
2022-08,Rivera,,,,,65.48
2022-09,Rivera,,,,,66.77
2022-10,Rivera,,,,,67.3
2022-11,Rivera,,,,,70.23
2022-12,Rivera,,,,,73.23
2023-01,Rivera,,,,,79.13
2023-02,Rivera,,,,,82.93
2023-03,Rivera,,,,,100.04
2023-04,Rivera,,,,,101.74
2023-05,Rivera,,,,,104.83
2023-06,Rivera,,,,,98.25
2023-07,Rivera,,,,,94.03
2023-08,Rivera,,,,,96.24
2023-09,Rivera,,,,,107.24
2023-10,Rivera,,,,,126.92
2023-11,Rivera,,,,,137.12
2023-12,Rivera,,,,,147.29
2024-01,Rivera,,,,,157.1
2024-02,Rivera,,,,,177.49
2024-03,Rivera,,,,,167.65
2024-04,Rivera,,,,,138.26
2024-05,Rivera,,,,,144.3
2024-06,Rivera,,,,,149.29
2024-07,Rivera,,,,,135.62
2024-08,Rivera,,,,,140.74
2024-09,Rivera,,,,,139.78
2024-10,Rivera,,,,,138.22
2024-11,Rivera,,,,,139.24
2024-12,Rivera,,,,,142.48
2018-01,Rocha,,,,,68.34
2018-02,Rocha,,,,,69.26
2018-03,Rocha,,,,,76.77
2018-04,Rocha,,,,,77.63
2018-05,Rocha,,,,,80.84
2018-06,Rocha,,,,,82.0
2018-07,Rocha,,,,,83.94
2018-08,Rocha,,,,,85.0
2018-09,Rocha,,,,,80.83
2018-10,Rocha,,,,,86.2
2018-11,Rocha,,,,,87.0
2019-11,Rocha,,,,,56.33
2019-12,Rocha,,,,,58.54
2022-02,Rocha,,,,,79.44
2018-01,Salto,,,,,68.34
2018-02,Salto,,,,,69.26
2018-03,Salto,,,,,74.69
2018-04,Salto,,,,,75.89
2018-05,Salto,,,,,79.68
2018-06,Salto,,,,,82.0
2018-07,Salto,,,,,83.94
2018-08,Salto,,,,,85.0
2018-09,Salto,,,,,85.14
2018-10,Salto,,,,,86.2
2018-11,Salto,,,,,87.0
2019-11,Salto,,,,,62.0
2019-12,Salto,,,,,59.67
2021-08,Salto,,,,,76.03
2018-01,San José,,,,,76.04
2018-02,San José,,,,,74.59
2018-03,San José,,,,,70.69
2018-04,San José,,,,,69.57
2018-05,San José,,,,,66.93
2018-06,San José,,,,,67.63
2018-07,San José,,,,,65.4
2018-08,San José,,,,,63.93
2018-09,San José,,,,,64.72
2018-10,San José,,,,,70.17
2018-11,San José,,,,,74.25
2018-12,San José,,,,,84.11
2019-01,San José,,,,,86.45
2019-02,San José,,,,,82.88
2019-03,San José,,,,,81.82
2019-04,San José,,,,,68.92
2019-05,San José,,,,,64.08
2019-06,San José,,,,,59.85
2019-07,San José,,,,,53.77
2019-08,San José,,,,,56.31
2019-09,San José,,,,,53.2
2019-10,San José,,,,,57.21
2019-11,San José,,,,,65.27
2019-12,San José,,,,,69.03
2020-01,San José,,,,,68.03
2020-02,San José,,,,,69.73
2020-03,San José,,,,,76.83
2020-04,San José,,,,,83.83
2020-05,San José,,,,,83.3
2020-06,San José,,,,,80.7
2020-07,San José,,,,,81.93
2020-08,San José,,,,,87.64
2020-09,San José,,,,,89.98
2020-10,San José,,,,,84.09
2020-11,San José,,,,,94.58
2020-12,San José,,,,,100.79
2021-01,San José,,,,,109.63
2021-02,San José,,,,,107.12
2021-03,San José,,,,,93.86
2021-04,San José,,,,,83.89
2021-05,San José,,,,,81.57
2021-06,San José,,,,,76.13
2021-07,San José,,,,,71.67
2021-08,San José,,,,,76.4
2021-09,San José,,,,,78.97
2021-10,San José,,,,,79.5
2021-11,San José,,,,,83.88
2021-12,San José,,,,,82.24
2022-01,San José,,,,,78.44
2022-02,San José,,,,,78.74
2022-03,San José,,,,,77.76
2022-04,San José,,,,,79.55
2022-05,San José,,,,,76.55
2022-06,San José,,,,,73.06
2022-07,San José,,,,,74.76
2022-08,San José,,,,,76.06
2022-09,San José,,,,,73.56
2022-10,San José,,,,,79.45
2022-11,San José,,,,,77.66
2022-12,San José,,,,,85.01
2023-01,San José,,,,,91.23
2023-02,San José,,,,,94.6
2023-03,San José,,,,,108.42
2023-04,San José,,,,,113.52
2023-05,San José,,,,,114.88
2023-06,San José,,,,,111.83
2023-07,San José,,,,,104.89
2023-08,San José,,,,,107.44
2023-09,San José,,,,,109.64
2023-10,San José,,,,,128.21
2023-11,San José,,,,,140.72
2023-12,San José,,,,,152.09
2024-01,San José,,,,,161.44
2024-02,San José,,,,,175.51
2024-03,San José,,,,,159.67
2024-04,San José,,,,,139.54
2024-05,San José,,,,,143.03
2024-06,San José,,,,,140.86
2024-07,San José,,,,,132.91
2024-08,San José,,,,,136.69
2024-09,San José,,,,,139.77
2024-10,San José,,,,,136.72
2024-11,San José,,,,,137.43
2024-12,San José,,,,,148.2
2018-01,Soriano,,,,,68.34
2018-02,Soriano,,,,,69.26
2018-03,Soriano,,,,,76.77
2018-04,Soriano,,,,,77.63
2018-05,Soriano,,,,,80.97
2018-06,Soriano,,,,,82.0
2018-07,Soriano,,,,,83.94
2018-08,Soriano,,,,,85.0
2018-09,Soriano,,,,,85.14
2018-10,Soriano,,,,,86.2
2018-11,Soriano,,,,,87.0
2019-11,Soriano,,,,,62.0
2019-12,Soriano,,,,,59.67
2018-01,Tacuarembó,,,,,68.34
2018-02,Tacuarembó,,,,,69.26
2018-03,Tacuarembó,,,,,76.77
2018-04,Tacuarembó,,,,,77.63
2018-05,Tacuarembó,,,,,80.89
2018-06,Tacuarembó,,,,,75.36
2018-07,Tacuarembó,,,,,80.39
2018-08,Tacuarembó,,,,,85.0
2018-09,Tacuarembó,,,,,85.14
2018-10,Tacuarembó,,,,,86.2
2018-11,Tacuarembó,,,,,88.67
2018-12,Tacuarembó,,,,,89.83
2019-01,Tacuarembó,,,,,87.0
2019-02,Tacuarembó,,,,,86.36
2019-03,Tacuarembó,,,,,82.48
2019-04,Tacuarembó,,,,,66.83
2019-05,Tacuarembó,,,,,61.77
2019-06,Tacuarembó,,,,,58.0
2019-07,Tacuarembó,,,,,55.11
2019-08,Tacuarembó,,,,,56.69
2019-09,Tacuarembó,,,,,61.0
2019-10,Tacuarembó,,,,,59.01
2019-11,Tacuarembó,,,,,59.15
2019-12,Tacuarembó,,,,,59.67
2018-01,Treinta y Tres,,,,,68.34
2018-02,Treinta y Tres,,,,,69.26
2018-03,Treinta y Tres,,,,,76.03
2018-04,Treinta y Tres,,,,,77.44
2018-05,Treinta y Tres,,,,,78.55
2018-06,Treinta y Tres,,,,,82.0
2018-07,Treinta y Tres,,,,,83.94
2018-08,Treinta y Tres,,,,,85.0
2018-09,Treinta y Tres,,,,,85.14
2018-10,Treinta y Tres,,,,,86.2
2018-11,Treinta y Tres,,,,,87.0
2019-11,Treinta y Tres,,,,,62.0
2019-12,Treinta y Tres,,,,,59.67
2020-01,Treinta y Tres,,,,,58.77
2020-02,Treinta y Tres,,,,,58.17
2020-03,Treinta y Tres,,,,,92.85
2020-04,Treinta y Tres,,,,,94.73
2020-05,Treinta y Tres,,,,,87.6
2020-06,Treinta y Tres,,,,,90.0
2020-07,Treinta y Tres,,,,,90.0
2020-08,Treinta y Tres,,,,,81.55
2020-09,Treinta y Tres,,,,,86.47
2020-10,Treinta y Tres,,,,,89.48
2020-11,Treinta y Tres,,,,,94.5
2020-12,Treinta y Tres,,,,,101.71
2021-01,Treinta y Tres,,,,,107.0
2021-02,Treinta y Tres,,,,,110.2
2021-03,Treinta y Tres,,,,,99.83
2021-04,Treinta y Tres,,,,,98.0
2021-05,Treinta y Tres,,,,,105.11
2021-06,Treinta y Tres,,,,,98.44
2021-07,Treinta y Tres,,,,,90.89
2021-08,Treinta y Tres,,,,,86.36
2021-09,Treinta y Tres,,,,,89.21
2021-10,Treinta y Tres,,,,,89.25
2021-11,Treinta y Tres,,,,,92.33
2021-12,Treinta y Tres,,,,,91.03
2022-01,Treinta y Tres,,,,,83.6
2022-02,Treinta y Tres,,,,,88.64
2022-03,Treinta y Tres,,,,,93.41
2022-04,Treinta y Tres,,,,,86.08
2022-05,Treinta y Tres,,,,,85.34
2022-06,Treinta y Tres,,,,,81.98
2022-07,Treinta y Tres,,,,,82.37
2022-08,Treinta y Tres,,,,,78.9
2022-09,Treinta y Tres,,,,,66.17
2022-10,Treinta y Tres,,,,,67.0
2022-11,Treinta y Tres,,,,,67.93
2022-12,Treinta y Tres,,,,,71.85
2023-01,Treinta y Tres,,,,,75.0
2023-02,Treinta y Tres,,,,,78.07
2023-03,Treinta y Tres,,,,,85.29
2023-04,Treinta y Tres,,,,,100.0
2023-05,Treinta y Tres,,,,,103.5
2023-06,Treinta y Tres,,,,,95.73
2023-07,Treinta y Tres,,,,,89.3
2023-08,Treinta y Tres,,,,,88.29
2023-09,Treinta y Tres,,,,,104.73
2023-10,Treinta y Tres,,,,,123.77
2023-11,Treinta y Tres,,,,,129.79
2023-12,Treinta y Tres,,,,,137.81
2024-01,Treinta y Tres,,,,,144.48
2024-05,Treinta y Tres,,,,,145.16
2024-06,Treinta y Tres,,,,,155.9
2024-07,Treinta y Tres,,,,,134.16
2024-08,Treinta y Tres,,,,,138.67
2024-09,Treinta y Tres,,,,,136.33
2024-10,Treinta y Tres,,,,,132.87
2024-11,Treinta y Tres,,,,,134.17
2024-12,Treinta y Tres,,,,,137.0
